"journals";"k1";"k2";"k3";"k4";"k5";"k10";"k20";"overall";"countNA";"amountSig";"nrpapers"
"Overall";"0.578380534503391";"0.606214689265537";"0.6528";"0.686450167973124";"0.710084033613445";"0.736434108527132";"0.808510638297872";"0.470695846602073";"4343";"6947";"14759"
"DP";"0.660508083140878";"0.668941979522184";"0.698492462311558";"0.75";"0.780701754385965";"0.769230769230769";"0.75";"0.464739378011389";"758";"1061";"2283"
"FP";"0.415841584158416";"0.507692307692308";"0.569230769230769";"0.638297872340426";"0.638297872340426";"0.705882352941177";"0";"0.451876019575856";"133";"277";"613"
"JAP";"0.487394957983193";"0.363057324840764";"0.530612244897959";"0.53125";"0.605263157894737";"0.333333333333333";"0.5";"0.299435028248588";"488";"371";"1239"
"JCCP";"0.586842105263158";"0.577092511013216";"0.544";"0.696629213483146";"0.666666666666667";"0.666666666666667";"0.5";"0.342815105443845";"907";"699";"2039"
"JEPG";"0.513761467889908";"0.666666666666667";"0.771084337349398";"0.678571428571429";"0.68";"0.714285714285714";"0.888888888888889";"0.590673575129534";"122";"456";"772"
"JPSP";"0.660071942446043";"0.752358490566038";"0.806451612903226";"0.814393939393939";"0.829875518672199";"0.886792452830189";"0.958333333333333";"0.646195253241987";"840";"2641";"4087"
"PLOS";"0.47787610619469";"0.517241379310345";"0.471910112359551";"0.523489932885906";"0.532110091743119";"0.52";"0.666666666666667";"0.382624768946396";"569";"828";"2164"
"PS";"0.564102564102564";"0.570815450643777";"0.602484472049689";"0.625";"0.596153846153846";"1";"NaN";"0.393085787451985";"526";"614";"1562"
